{
  "blend_file": "/content/clevr-dataset-gen/image_generation/data/base_scene.blend",
  "scene_dimensions": {
    "min": [
      -27.743099212646484,
      -28.072675704956055,
      1.982279229650885e-07
    ],
    "max": [
      21.38450050354004,
      34.76979064941406,
      23.13520050048828
    ],
    "dimensions": [
      49.12759971618652,
      62.84246635437012,
      23.13520030226036
    ]
  },
  "cameras": [
    {
      "name": "Camera",
      "location": [
        7.481131553649902,
        -6.5076398849487305,
        5.34366512298584
      ],
      "rotation": [
        63.5592952084158,
        0.619767950192372,
        46.691944977583375
      ],
      "lens": 35.0,
      "sensor_width": 32.0,
      "sensor_height": 18.0,
      "clip_start": 0.10000000149011612,
      "clip_end": 100.0,
      "type": "PERSP",
      "is_active": true,
      "fov": 49.13434264120263
    }
  ],
  "lights": [
    {
      "name": "Area",
      "type": "SUN",
      "location": [
        11.660806655883789,
        -6.627992630004883,
        25.82316780090332
      ],
      "rotation": [
        13.523436462261332,
        23.885487423783704,
        5.562237121359815
      ],
      "energy": 0.44999995827674866,
      "color": [
        1.0,
        1.0,
        1.0
      ],
      "shadow_soft_size": 0.10000000149011612,
      "angle": 0.19933730363845825
    },
    {
      "name": "Lamp_Back",
      "type": "AREA",
      "location": [
        -1.168501377105713,
        2.646024465560913,
        5.815736770629883
      ],
      "rotation": [
        0.0,
        0.0,
        0.0
      ],
      "energy": 39.2699089050293,
      "color": [
        1.0,
        1.0,
        1.0
      ],
      "shadow_soft_size": 1.0,
      "size": 1.0,
      "size_y": 0.10000000149011612
    },
    {
      "name": "Lamp_Fill",
      "type": "AREA",
      "location": [
        -4.671124458312988,
        -4.01359748840332,
        3.0112245082855225
      ],
      "rotation": [
        0.0,
        0.0,
        0.0
      ],
      "energy": 23.56194496154785,
      "color": [
        0.7616661787033081,
        0.8177196383476257,
        1.0
      ],
      "shadow_soft_size": 0.5,
      "size": 0.5,
      "size_y": 0.10000000149011612
    },
    {
      "name": "Lamp_Key",
      "type": "AREA",
      "location": [
        6.446710109710693,
        -2.905174732208252,
        4.258398056030273
      ],
      "rotation": [
        0.0,
        0.0,
        0.0
      ],
      "energy": 78.5398178100586,
      "color": [
        1.0,
        0.9323092103004456,
        0.8166635632514954
      ],
      "shadow_soft_size": 0.5,
      "size": 0.5,
      "size_y": 0.10000000149011612
    }
  ],
  "world": {
    "name": "World",
    "use_nodes": true,
    "background_color": [
      0.05087608844041824,
      0.05087608844041824,
      0.05087608844041824,
      1.0
    ],
    "background_strength": 0.0
  },
  "objects": [
    {
      "name": "Ground",
      "location": [
        -24.062761306762695,
        -17.99666976928711,
        0.0
      ],
      "rotation": [
        0.0,
        -0.0,
        154.58295865437128
      ],
      "scale": [
        1.0,
        1.0,
        1.0
      ],
      "dimensions": [
        27.550783157348633,
        56.48487091064453,
        23.13520050048828
      ],
      "bound_box": [
        [
          -23.476041793823242,
          -56.48487091064453,
          1.982279229650885e-07
        ],
        [
          -23.476041793823242,
          -56.48487091064453,
          23.13520050048828
        ],
        [
          -23.476041793823242,
          0.0,
          23.13520050048828
        ],
        [
          -23.476041793823242,
          0.0,
          1.982279229650885e-07
        ],
        [
          4.074740886688232,
          -56.48487091064453,
          1.982279229650885e-07
        ],
        [
          4.074740886688232,
          -56.48487091064453,
          23.13520050048828
        ],
        [
          4.074740886688232,
          0.0,
          23.13520050048828
        ],
        [
          4.074740886688232,
          0.0,
          1.982279229650885e-07
        ]
      ],
      "visible": true,
      "vertex_count": 96,
      "face_count": 47,
      "materials": [],
      "shape_type": "other"
    }
  ],
  "render_settings": {
    "engine": "CYCLES",
    "resolution_x": 320,
    "resolution_y": 240,
    "resolution_percentage": 50,
    "fps": 24,
    "use_motion_blur": false,
    "cycles": {
      "samples": 128,
      "max_bounces": 12,
      "transparent_max_bounces": 8,
      "caustics_reflective": true,
      "caustics_refractive": true,
      "device": "CPU"
    }
  },
  "supporting_surfaces": []
}